{"lr": 3e-05, "train_loss_local": 1.0397148132324219, "grad_norm_square": 472.37890460659827, "_timestamp": 1680085928.1680834, "_runtime": 15.32480239868164, "_step": 0, "_wandb": {"runtime": 14}}