{"lr": 3e-06, "train_loss_local": 0.17600448429584503, "grad_norm_square": 40.52313010597746, "_timestamp": 1680093787.523575, "_runtime": 2621.788069009781, "_step": 62509, "train_loss_epoch": 0.300126399408728, "test_acc_epoch": 0.7808, "_wandb": {"runtime": 2620}}