{"lr": 0.0003, "train_loss_local": 1.2008519172668457, "grad_norm_square": 933.7988137416395, "_timestamp": 1680048435.142143, "_runtime": 44.571927070617676, "_step": 0}