{"lr": 0.0003, "train_loss_local": 0.5177000164985657, "grad_norm_square": 14.326029372116341, "_timestamp": 1680047375.3651042, "_runtime": 14.66418719291687, "_step": 0, "_wandb": {"runtime": 14}}